NAME,ISO_TIME,NATURE,LAT,LON
GONU,31-05-2007 06:00,DS,13.7,71.6
GONU,31-05-2007 09:00,DS,13.9,71.7
GONU,31-05-2007 12:00,DS,14,71.7
GONU,31-05-2007 15:00,DS,14.1,71.7
GONU,31-05-2007 18:00,DS,14.2,71.5
GONU,31-05-2007 21:00,DS,14.3,71.3
GONU,01-06-2007 00:00,DS,14.4,70.9
GONU,01-06-2007 03:00,DS,14.5,70.5
GONU,01-06-2007 06:00,TS,14.7,70
GONU,01-06-2007 09:00,TS,14.9,69.4
GONU,01-06-2007 12:00,TS,15,68.8
GONU,01-06-2007 15:00,TS,15.1,68.5
GONU,01-06-2007 18:00,TS,15.1,68.2
GONU,01-06-2007 21:00,TS,15.1,68
GONU,02-06-2007 00:00,TS,15.1,67.9
GONU,02-06-2007 03:00,TS,15,67.5
GONU,02-06-2007 06:00,TS,15,67.2
GONU,02-06-2007 09:00,TS,15.1,67.1
GONU,02-06-2007 12:00,TS,15.2,67.1
GONU,02-06-2007 15:00,TS,15.2,67.1
GONU,02-06-2007 18:00,TS,15.3,67.1
GONU,02-06-2007 21:00,TS,15.4,66.9
GONU,03-06-2007 00:00,TS,15.8,67
GONU,03-06-2007 03:00,TS,16,67.1
GONU,03-06-2007 06:00,TS,16.5,67.1
GONU,03-06-2007 09:00,TS,16.9,66.9
GONU,03-06-2007 12:00,TS,17.5,66.7
GONU,03-06-2007 15:00,TS,17.6,66.5
GONU,03-06-2007 18:00,TS,18,66.1
GONU,03-06-2007 21:00,TS,18.1,65.9
GONU,04-06-2007 00:00,TS,18.6,65.3
GONU,04-06-2007 03:00,TS,18.7,65.1
GONU,04-06-2007 06:00,TS,19.1,64.7
GONU,04-06-2007 09:00,TS,19.5,64.5
GONU,04-06-2007 12:00,TS,20,64.1
GONU,04-06-2007 15:00,TS,20.1,63.8
GONU,04-06-2007 18:00,TS,20.5,63.4
GONU,04-06-2007 21:00,TS,20.6,63.2
GONU,05-06-2007 00:00,TS,20.7,62.8
GONU,05-06-2007 03:00,TS,21,62
GONU,05-06-2007 06:00,TS,21.4,61.6
GONU,05-06-2007 09:00,TS,21.4,61.2
GONU,05-06-2007 12:00,TS,21.6,61.1
GONU,05-06-2007 15:00,TS,21.9,60.9
GONU,05-06-2007 18:00,TS,22,60.6
GONU,05-06-2007 21:00,TS,22.4,60.4
GONU,06-06-2007 00:00,TS,22.6,59.8
GONU,06-06-2007 03:00,TS,22.9,59.4
GONU,06-06-2007 06:00,TS,23.3,59.5
GONU,06-06-2007 09:00,TS,23.5,59.4
GONU,06-06-2007 12:00,TS,23.9,59.1
GONU,06-06-2007 15:00,TS,24.1,59
GONU,06-06-2007 18:00,TS,24.5,59
GONU,06-06-2007 21:00,TS,24.8,58.8
GONU,07-06-2007 00:00,TS,24.9,58.6
GONU,07-06-2007 03:00,TS,25,58.4
GONU,07-06-2007 06:00,TS,24.9,58.3
GONU,07-06-2007 09:00,TS,25,58.2
GONU,07-06-2007 12:00,TS,25.1,58.2
GONU,07-06-2007 15:00,TS,25.3,58.2
GONU,07-06-2007 18:00,TS,25.5,58.1
GONU,07-06-2007 21:00,TS,25.7,58
GONU,08-06-2007 00:00,DS,25.9,57.8
SIDR,10-11-2007 06:00,DS,9.6,93.2
SIDR,10-11-2007 09:00,DS,9.7,93.1
SIDR,10-11-2007 12:00,DS,9.7,93
SIDR,10-11-2007 15:00,DS,9.7,92.9
SIDR,10-11-2007 18:00,TS,9.8,92.7
SIDR,10-11-2007 21:00,TS,9.9,92.6
SIDR,11-11-2007 00:00,TS,10,92.5
SIDR,11-11-2007 03:00,TS,10.1,92.4
SIDR,11-11-2007 06:00,TS,10.1,92.2
SIDR,11-11-2007 09:00,TS,10.1,92.1
SIDR,11-11-2007 12:00,TS,10.1,91.9
SIDR,11-11-2007 15:00,TS,10.1,91.8
SIDR,11-11-2007 18:00,TS,10.4,91.5
SIDR,11-11-2007 21:00,TS,10.4,91.3
SIDR,12-11-2007 00:00,TS,10.5,91.2
SIDR,12-11-2007 03:00,TS,10.5,90.8
SIDR,12-11-2007 06:00,TS,10.9,90.5
SIDR,12-11-2007 09:00,TS,10.9,90.4
SIDR,12-11-2007 12:00,TS,11.3,90.1
SIDR,12-11-2007 15:00,TS,11.4,90
SIDR,12-11-2007 18:00,TS,11.6,90
SIDR,12-11-2007 21:00,TS,11.6,90
SIDR,13-11-2007 00:00,TS,12,89.7
SIDR,13-11-2007 03:00,TS,12.1,89.7
SIDR,13-11-2007 06:00,TS,12.3,89.7
SIDR,13-11-2007 09:00,TS,12.9,89.6
SIDR,13-11-2007 12:00,TS,13,89.6
SIDR,13-11-2007 15:00,TS,13.2,89.5
SIDR,13-11-2007 18:00,TS,13.6,89.5
SIDR,13-11-2007 21:00,TS,14,89.5
SIDR,14-11-2007 00:00,TS,14.4,89.5
SIDR,14-11-2007 03:00,TS,14.6,89.4
SIDR,14-11-2007 06:00,TS,15,89.4
SIDR,14-11-2007 09:00,TS,15.4,89.4
SIDR,14-11-2007 12:00,TS,15.9,89.1
SIDR,14-11-2007 15:00,TS,16.1,89.1
SIDR,14-11-2007 18:00,TS,16.6,89.1
SIDR,14-11-2007 21:00,TS,17.1,89.1
SIDR,15-11-2007 00:00,TS,17.7,89.1
SIDR,15-11-2007 03:00,TS,18.3,89.1
SIDR,15-11-2007 06:00,TS,19.4,89.1
SIDR,15-11-2007 09:00,TS,20.1,89.1
SIDR,15-11-2007 12:00,TS,21,89.2
SIDR,15-11-2007 15:00,TS,21.6,89.6
SIDR,15-11-2007 18:00,TS,22.5,90.4
SIDR,15-11-2007 21:00,TS,23.5,90.8
SIDR,16-11-2007 00:00,TS,23.8,91
SIDR,16-11-2007 03:00,NR,24.5,91.5
NARGIS,25-04-2008 12:00,DS,10.5,90.3
NARGIS,25-04-2008 15:00,DS,10.7,89.9
NARGIS,25-04-2008 18:00,DS,10.8,89.5
NARGIS,25-04-2008 21:00,DS,10.7,89.1
NARGIS,26-04-2008 00:00,DS,10.7,88.7
NARGIS,26-04-2008 03:00,DS,10.9,88.6
NARGIS,26-04-2008 06:00,DS,11.2,88.5
NARGIS,26-04-2008 09:00,DS,11.4,88.2
NARGIS,26-04-2008 12:00,DS,11.5,87.9
NARGIS,26-04-2008 15:00,DS,11.5,87.5
NARGIS,26-04-2008 18:00,TS,11.5,87.2
NARGIS,26-04-2008 21:00,TS,11.5,86.9
NARGIS,27-04-2008 00:00,TS,11.6,86.7
NARGIS,27-04-2008 03:00,TS,11.7,86.6
NARGIS,27-04-2008 06:00,TS,11.8,86.5
NARGIS,27-04-2008 09:00,TS,12,86.3
NARGIS,27-04-2008 12:00,TS,12.1,86.2
NARGIS,27-04-2008 15:00,TS,12.2,86.1
NARGIS,27-04-2008 18:00,TS,12.5,85.9
NARGIS,27-04-2008 21:00,TS,12.8,85.6
NARGIS,28-04-2008 00:00,TS,12.9,85.6
NARGIS,28-04-2008 03:00,TS,13,85.6
NARGIS,28-04-2008 06:00,TS,13.1,85.6
NARGIS,28-04-2008 09:00,TS,13,85.5
NARGIS,28-04-2008 12:00,TS,13,85.4
NARGIS,28-04-2008 15:00,TS,13,85.4
NARGIS,28-04-2008 18:00,TS,13.1,85.4
NARGIS,28-04-2008 21:00,TS,13.1,85.5
NARGIS,29-04-2008 00:00,TS,13.2,85.6
NARGIS,29-04-2008 03:00,TS,13.3,85.6
NARGIS,29-04-2008 06:00,TS,13.3,85.7
NARGIS,29-04-2008 09:00,TS,13.4,85.7
NARGIS,29-04-2008 12:00,TS,13.8,85.9
NARGIS,29-04-2008 15:00,TS,13.9,86
NARGIS,29-04-2008 18:00,TS,14,86.1
NARGIS,29-04-2008 21:00,TS,14.1,86.3
NARGIS,30-04-2008 00:00,TS,14.2,86.4
NARGIS,30-04-2008 03:00,TS,14.5,86.7
NARGIS,30-04-2008 06:00,TS,14.6,86.8
NARGIS,30-04-2008 09:00,TS,14.7,87.1
NARGIS,30-04-2008 12:00,TS,14.8,87.3
NARGIS,30-04-2008 15:00,TS,15.1,87.7
NARGIS,30-04-2008 18:00,TS,15.2,87.9
NARGIS,30-04-2008 21:00,TS,15.2,88
NARGIS,01-05-2008 00:00,TS,15.6,88.5
NARGIS,01-05-2008 03:00,TS,15.6,89.2
NARGIS,01-05-2008 06:00,TS,16,89.7
NARGIS,01-05-2008 09:00,TS,16,90.1
NARGIS,01-05-2008 12:00,TS,16,90.6
NARGIS,01-05-2008 15:00,TS,15.9,91.1
NARGIS,01-05-2008 18:00,TS,15.9,91.6
NARGIS,01-05-2008 21:00,TS,15.9,92.1
NARGIS,02-05-2008 00:00,TS,15.9,92.6
NARGIS,02-05-2008 03:00,TS,15.9,93.1
NARGIS,02-05-2008 06:00,TS,16,93.6
NARGIS,02-05-2008 09:00,TS,16,94.1
NARGIS,02-05-2008 12:00,TS,16,94.5
NARGIS,02-05-2008 15:00,TS,16.1,95.1
NARGIS,02-05-2008 18:00,TS,16.5,95.6
NARGIS,02-05-2008 21:00,TS,16.5,95.8
NARGIS,03-05-2008 00:00,TS,16.7,96
NARGIS,03-05-2008 03:00,TS,17,96.4
NARGIS,03-05-2008 06:00,TS,17.4,96.9
NARGIS,03-05-2008 09:00,TS,17.8,97.3
NARGIS,03-05-2008 12:00,TS,18.3,97.6
NARGIS,03-05-2008 15:00,TS,18.8,97.7
NARGIS,03-05-2008 18:00,TS,19.4,97.8
NARGIS,03-05-2008 21:00,TS,20.1,98.1
NARGIS,04-05-2008 00:00,TS,20.8,98.5
BIJLI,14-04-2009 00:00,DS,12.6,87.7
BIJLI,14-04-2009 03:00,DS,12.7,87.9
BIJLI,14-04-2009 06:00,TS,12.7,88.1
BIJLI,14-04-2009 09:00,TS,12.5,88.1
BIJLI,14-04-2009 12:00,TS,12.4,87.9
BIJLI,14-04-2009 15:00,TS,12.4,87.8
BIJLI,14-04-2009 18:00,TS,12.5,87.7
BIJLI,14-04-2009 21:00,TS,12.8,87.7
BIJLI,15-04-2009 00:00,TS,13.3,87.7
BIJLI,15-04-2009 03:00,TS,13.9,87.3
BIJLI,15-04-2009 06:00,TS,14.5,87.1
BIJLI,15-04-2009 09:00,TS,15,86.7
BIJLI,15-04-2009 12:00,TS,15.4,86.3
BIJLI,15-04-2009 15:00,TS,15.8,86.2
BIJLI,15-04-2009 18:00,TS,16.2,86.2
BIJLI,15-04-2009 21:00,TS,16.3,86.2
BIJLI,16-04-2009 00:00,TS,16.7,86
BIJLI,16-04-2009 03:00,TS,17.1,86
BIJLI,16-04-2009 06:00,TS,17.6,86.1
BIJLI,16-04-2009 09:00,TS,18,86.2
BIJLI,16-04-2009 12:00,TS,18.5,86.6
BIJLI,16-04-2009 15:00,TS,18.6,86.7
BIJLI,16-04-2009 18:00,TS,19.3,87.1
BIJLI,16-04-2009 21:00,TS,19.8,87.6
BIJLI,17-04-2009 00:00,TS,20.3,88.1
BIJLI,17-04-2009 03:00,TS,20.5,88.6
BIJLI,17-04-2009 06:00,TS,20.9,89.2
BIJLI,17-04-2009 09:00,TS,21.3,89.8
BIJLI,17-04-2009 12:00,TS,21.4,90.4
BIJLI,17-04-2009 15:00,TS,21.7,91.3
BIJLI,17-04-2009 18:00,TS,21.9,91.8
BIJLI,17-04-2009 21:00,TS,22.1,92.4
BIJLI,18-04-2009 00:00,TS,22.4,93.1
AILA,22-05-2009 18:00,DS,16.9,88.8
AILA,22-05-2009 21:00,DS,16.7,88.8
AILA,23-05-2009 00:00,DS,16.7,88.8
AILA,23-05-2009 03:00,DS,16.8,88.9
AILA,23-05-2009 06:00,TS,16.9,88.8
AILA,23-05-2009 09:00,TS,16.9,88.6
AILA,23-05-2009 12:00,TS,16.9,88.5
AILA,23-05-2009 15:00,TS,17.1,88.5
AILA,23-05-2009 18:00,TS,17.3,88.6
AILA,23-05-2009 21:00,TS,17.2,88.6
AILA,24-05-2009 00:00,TS,17.4,88.5
AILA,24-05-2009 03:00,TS,17.9,88.4
AILA,24-05-2009 06:00,TS,18,88.4
AILA,24-05-2009 09:00,TS,18.1,88.3
AILA,24-05-2009 12:00,TS,18.5,88.3
AILA,24-05-2009 15:00,TS,18.9,88.3
AILA,24-05-2009 18:00,TS,19.1,88.3
AILA,24-05-2009 21:00,TS,19.7,88
AILA,25-05-2009 00:00,TS,20,88.1
AILA,25-05-2009 03:00,TS,20.6,88.1
AILA,25-05-2009 06:00,TS,21.6,88.2
AILA,25-05-2009 09:00,TS,22.1,88.2
AILA,25-05-2009 12:00,TS,22.7,88.2
AILA,25-05-2009 15:00,TS,23.3,88.2
AILA,25-05-2009 18:00,TS,23.9,88.3
AILA,25-05-2009 21:00,TS,24.5,88.3
AILA,26-05-2009 00:00,TS,25.4,88.4
AILA,26-05-2009 03:00,TS,25.9,88.4
AILA,26-05-2009 06:00,MX,26.9,88.8
PHYAN,09-11-2009 03:00,TS,11,72
PHYAN,09-11-2009 06:00,MX,11.6,71.4
PHYAN,09-11-2009 09:00,MX,11.9,71.2
PHYAN,09-11-2009 12:00,TS,12.1,71.1
PHYAN,09-11-2009 15:00,TS,12.4,70.9
PHYAN,09-11-2009 18:00,TS,12.7,70.8
PHYAN,09-11-2009 21:00,TS,13,70.8
PHYAN,10-11-2009 00:00,TS,13.4,70.8
PHYAN,10-11-2009 03:00,TS,13.9,71
PHYAN,10-11-2009 06:00,TS,14.4,71.2
PHYAN,10-11-2009 09:00,TS,14.6,71.2
PHYAN,10-11-2009 12:00,TS,15,71.3
PHYAN,10-11-2009 15:00,TS,15.4,71.6
PHYAN,10-11-2009 18:00,TS,15.8,71.8
PHYAN,10-11-2009 21:00,TS,16.5,72.2
PHYAN,11-11-2009 00:00,TS,17,72.6
PHYAN,11-11-2009 03:00,TS,17.9,72.7
PHYAN,11-11-2009 06:00,TS,18.8,73.3
PHYAN,11-11-2009 09:00,TS,19.4,73.7
PHYAN,11-11-2009 12:00,TS,19.7,73.9
WARD,10-12-2009 09:00,TS,6.5,85
WARD,10-12-2009 12:00,TS,6.5,85
WARD,10-12-2009 15:00,TS,6.5,85
WARD,10-12-2009 18:00,MX,6.7,85
WARD,10-12-2009 21:00,MX,7.1,84.8
WARD,11-12-2009 00:00,TS,7.4,84.6
WARD,11-12-2009 03:00,TS,7.7,84.7
WARD,11-12-2009 06:00,TS,8.4,84.7
WARD,11-12-2009 09:00,TS,8.7,84.8
WARD,11-12-2009 12:00,TS,8.8,84.9
WARD,11-12-2009 15:00,TS,9.2,84.9
WARD,11-12-2009 18:00,TS,9.3,84.8
WARD,11-12-2009 21:00,TS,9.6,84.7
WARD,12-12-2009 00:00,TS,9.9,84.6
WARD,12-12-2009 03:00,TS,9.9,84.5
WARD,12-12-2009 06:00,TS,10,84.4
WARD,12-12-2009 09:00,TS,9.9,84
WARD,12-12-2009 12:00,TS,9.9,83.7
WARD,12-12-2009 15:00,TS,9.7,83.6
WARD,12-12-2009 18:00,TS,9.4,83.5
WARD,12-12-2009 21:00,TS,9.3,83.3
WARD,13-12-2009 00:00,TS,9.3,83.2
WARD,13-12-2009 03:00,TS,9.3,83.1
WARD,13-12-2009 06:00,TS,9,83
WARD,13-12-2009 09:00,TS,8.9,82.9
WARD,13-12-2009 12:00,TS,9,82.8
WARD,13-12-2009 15:00,TS,8.9,82.6
WARD,13-12-2009 18:00,TS,9,82.3
WARD,13-12-2009 21:00,TS,9,82.1
WARD,14-12-2009 00:00,TS,9,81.8
WARD,14-12-2009 03:00,TS,8.6,81.5
WARD,14-12-2009 06:00,TS,8.5,81.5
WARD,14-12-2009 09:00,TS,8.5,81.2
WARD,14-12-2009 12:00,MX,8.5,81.1
WARD,14-12-2009 15:00,MX,8.5,81.1
WARD,14-12-2009 18:00,MX,8.5,81
WARD,14-12-2009 21:00,TS,8.5,80.8
WARD,15-12-2009 00:00,TS,8.5,80.5
LAILA,16-05-2010 18:00,DS,9.8,90.4
LAILA,16-05-2010 21:00,DS,10.2,90.1
LAILA,17-05-2010 00:00,DS,10.5,89.7
LAILA,17-05-2010 03:00,DS,10.7,89.3
LAILA,17-05-2010 06:00,TS,10.8,88.7
LAILA,17-05-2010 09:00,TS,11,88.3
LAILA,17-05-2010 12:00,TS,11.2,87.9
LAILA,17-05-2010 15:00,TS,11.4,87.6
LAILA,17-05-2010 18:00,TS,11.6,87.2
LAILA,17-05-2010 21:00,TS,11.7,86.8
LAILA,18-05-2010 00:00,TS,11.8,86.3
LAILA,18-05-2010 03:00,TS,12.1,85.4
LAILA,18-05-2010 06:00,TS,12.5,84.6
LAILA,18-05-2010 09:00,TS,12.9,84
LAILA,18-05-2010 12:00,TS,13.1,83.5
LAILA,18-05-2010 15:00,TS,13.1,83
LAILA,18-05-2010 18:00,TS,13.1,82.6
LAILA,18-05-2010 21:00,TS,13.1,82.1
LAILA,19-05-2010 00:00,TS,13.5,82
LAILA,19-05-2010 03:00,TS,13.5,81.8
LAILA,19-05-2010 06:00,TS,13.6,81.5
LAILA,19-05-2010 09:00,TS,13.9,81.5
LAILA,19-05-2010 12:00,TS,14,81.5
LAILA,19-05-2010 15:00,TS,14.1,81.4
LAILA,19-05-2010 18:00,TS,14.6,81.1
LAILA,19-05-2010 21:00,TS,14.7,81
LAILA,20-05-2010 00:00,TS,15.1,81
LAILA,20-05-2010 03:00,TS,15.4,80.6
LAILA,20-05-2010 06:00,TS,15.6,80.6
LAILA,20-05-2010 09:00,TS,15.7,80.5
LAILA,20-05-2010 12:00,TS,15.9,80.5
LAILA,20-05-2010 15:00,TS,15.9,80.5
LAILA,20-05-2010 18:00,TS,16,80.6
LAILA,20-05-2010 21:00,TS,16.1,80.7
LAILA,21-05-2010 00:00,TS,16.3,80.8
LAILA,21-05-2010 03:00,TS,16.5,81
LAILA,21-05-2010 06:00,TS,16.8,81.2
LAILA,21-05-2010 09:00,TS,16.8,81.3
LAILA,21-05-2010 12:00,TS,16.9,81.5
LAILA,21-05-2010 15:00,TS,17,81.7
LAILA,21-05-2010 18:00,TS,17.1,81.9
GIRI,19-10-2010 12:00,DS,16.7,92.6
GIRI,19-10-2010 15:00,DS,16.8,92.4
GIRI,19-10-2010 18:00,DS,16.9,92.3
GIRI,19-10-2010 21:00,DS,17,92.2
GIRI,20-10-2010 00:00,TS,17,92.1
GIRI,20-10-2010 03:00,TS,17,92
GIRI,20-10-2010 06:00,TS,17,91.8
GIRI,20-10-2010 09:00,TS,16.9,91.6
GIRI,20-10-2010 12:00,TS,16.9,91.5
GIRI,20-10-2010 15:00,TS,17.1,91.5
GIRI,20-10-2010 18:00,TS,17.3,91.6
GIRI,20-10-2010 21:00,TS,17.4,91.5
GIRI,21-10-2010 00:00,TS,17.4,91.5
GIRI,21-10-2010 03:00,TS,17.4,91.6
GIRI,21-10-2010 06:00,TS,17.5,91.7
GIRI,21-10-2010 09:00,TS,17.6,91.8
GIRI,21-10-2010 12:00,TS,17.9,92.1
GIRI,21-10-2010 15:00,TS,18,92.2
GIRI,21-10-2010 18:00,TS,18.1,92.2
GIRI,21-10-2010 21:00,TS,18.4,92.5
GIRI,22-10-2010 00:00,TS,18.5,92.6
GIRI,22-10-2010 03:00,TS,18.9,92.9
GIRI,22-10-2010 06:00,TS,19,93
GIRI,22-10-2010 09:00,TS,19.4,93.3
GIRI,22-10-2010 12:00,TS,19.8,93.4
GIRI,22-10-2010 15:00,TS,20.1,93.5
GIRI,22-10-2010 18:00,TS,20.5,93.9
GIRI,22-10-2010 21:00,TS,20.7,94.2
GIRI,23-10-2010 00:00,TS,21.2,94.8
GIRI,23-10-2010 03:00,TS,21.6,95.2
GIRI,23-10-2010 06:00,TS,22.1,95.5
GIRI,23-10-2010 09:00,TS,22.4,95.8
GIRI,23-10-2010 12:00,TS,22.7,96.2
GIRI,23-10-2010 15:00,TS,22.8,96.7
GIRI,23-10-2010 18:00,TS,23,97.4
GIRI,23-10-2010 21:00,TS,23.3,98.5
GIRI,24-10-2010 00:00,TS,23.7,99.8
JAL,01-11-2010 21:00,DS,7.6,99.8
JAL,02-11-2010 00:00,DS,7.7,98.9
JAL,02-11-2010 03:00,DS,8.1,98.3
JAL,02-11-2010 06:00,DS,8.4,97.9
JAL,02-11-2010 09:00,DS,8.4,97.4
JAL,02-11-2010 12:00,DS,8.3,96.9
JAL,02-11-2010 15:00,DS,8.3,96.4
JAL,02-11-2010 18:00,TS,8.3,95.9
JAL,02-11-2010 21:00,TS,8.3,95.4
JAL,03-11-2010 00:00,TS,8.3,94.9
JAL,03-11-2010 03:00,TS,8.3,94.4
JAL,03-11-2010 06:00,TS,8.3,94
JAL,03-11-2010 09:00,TS,8.3,93.6
JAL,03-11-2010 12:00,TS,8.3,93.2
JAL,03-11-2010 15:00,TS,8.3,92.8
JAL,03-11-2010 18:00,TS,8.4,92.3
JAL,03-11-2010 21:00,TS,8.4,91.9
JAL,04-11-2010 00:00,TS,8.4,91.6
JAL,04-11-2010 03:00,TS,8.6,91.1
JAL,04-11-2010 06:00,TS,8.6,90.7
JAL,04-11-2010 09:00,TS,8.6,90.3
JAL,04-11-2010 12:00,TS,8.7,90
JAL,04-11-2010 15:00,TS,8.7,89.7
JAL,04-11-2010 18:00,TS,8.8,89.4
JAL,04-11-2010 21:00,TS,8.9,89
JAL,05-11-2010 00:00,TS,9.1,88.6
JAL,05-11-2010 03:00,TS,9.1,88.1
JAL,05-11-2010 06:00,TS,9.2,87.7
JAL,05-11-2010 09:00,TS,9.3,87.5
JAL,05-11-2010 12:00,TS,9.6,87.1
JAL,05-11-2010 15:00,TS,9.7,86.9
JAL,05-11-2010 18:00,TS,10.1,86.5
JAL,05-11-2010 21:00,TS,10.1,86.1
JAL,06-11-2010 00:00,TS,10.2,85.8
JAL,06-11-2010 03:00,TS,10.3,85.6
JAL,06-11-2010 06:00,TS,10.4,85.3
JAL,06-11-2010 09:00,TS,10.5,85.1
JAL,06-11-2010 12:00,TS,11.1,84.6
JAL,06-11-2010 15:00,TS,11.2,84.4
JAL,06-11-2010 18:00,TS,11.3,84
JAL,06-11-2010 21:00,TS,11.4,83.7
JAL,07-11-2010 00:00,TS,11.6,83.2
JAL,07-11-2010 03:00,TS,12.2,82.7
JAL,07-11-2010 06:00,TS,12.3,82.2
JAL,07-11-2010 09:00,TS,12.3,81.5
JAL,07-11-2010 12:00,TS,13,81.1
JAL,07-11-2010 15:00,TS,13,80.6
JAL,07-11-2010 18:00,TS,13.1,80
JAL,07-11-2010 21:00,TS,13.5,79.5
JAL,08-11-2010 00:00,TS,14.2,78.9
JAL,08-11-2010 03:00,TS,15,78
KEILA,29-10-2011 06:00,TS,13,62
KEILA,29-10-2011 09:00,TS,13,61.4
KEILA,29-10-2011 12:00,TS,13,61
KEILA,29-10-2011 15:00,TS,13,61
KEILA,29-10-2011 18:00,TS,13,61
KEILA,29-10-2011 21:00,TS,13,60.8
KEILA,30-10-2011 00:00,TS,13,60.5
KEILA,30-10-2011 03:00,TS,13,60
KEILA,30-10-2011 06:00,TS,13,60
KEILA,30-10-2011 09:00,TS,13.2,59.8
KEILA,30-10-2011 12:00,TS,13.5,59.5
KEILA,30-10-2011 15:00,TS,13.8,59.2
KEILA,30-10-2011 18:00,TS,14,59
KEILA,30-10-2011 21:00,TS,14.2,59.1
KEILA,31-10-2011 00:00,TS,14.5,59
KEILA,31-10-2011 03:00,TS,15,58.5
KEILA,31-10-2011 06:00,TS,16,57
KEILA,31-10-2011 09:00,TS,16.2,57
KEILA,31-10-2011 12:00,TS,16,57.5
KEILA,31-10-2011 15:00,TS,16,57.3
KEILA,31-10-2011 18:00,TS,16,57
KEILA,31-10-2011 21:00,TS,16,56.8
KEILA,01-11-2011 00:00,MX,15.9,56.6
KEILA,01-11-2011 03:00,MX,15.9,56.2
KEILA,01-11-2011 06:00,MX,15.9,56.1
KEILA,01-11-2011 09:00,MX,15.9,55.9
KEILA,01-11-2011 12:00,TS,16,55.7
KEILA,01-11-2011 15:00,TS,16,55.5
KEILA,01-11-2011 18:00,TS,16,55.5
KEILA,01-11-2011 21:00,TS,16,55.4
KEILA,02-11-2011 00:00,TS,16.1,55.3
KEILA,02-11-2011 03:00,TS,16.2,55
KEILA,02-11-2011 06:00,TS,16.3,54.8
KEILA,02-11-2011 09:00,TS,16.4,54.7
KEILA,02-11-2011 12:00,TS,16.7,54.8
KEILA,02-11-2011 15:00,TS,16.9,54.6
KEILA,02-11-2011 18:00,TS,17,54.5
KEILA,02-11-2011 21:00,TS,17,54.5
KEILA,03-11-2011 00:00,TS,17,54.6
KEILA,03-11-2011 03:00,TS,17,54.6
KEILA,03-11-2011 06:00,TS,17.1,54.6
KEILA,03-11-2011 09:00,TS,17.1,54.7
KEILA,03-11-2011 12:00,TS,17.1,54.9
KEILA,03-11-2011 15:00,TS,17.1,55.1
KEILA,03-11-2011 18:00,TS,17.1,55.2
KEILA,03-11-2011 21:00,TS,17,55.1
KEILA,04-11-2011 00:00,TS,16.7,54.9
KEILA,04-11-2011 03:00,TS,16.4,54.7
KEILA,04-11-2011 06:00,TS,16.3,54.3
KEILA,04-11-2011 09:00,TS,16.1,54.1
KEILA,04-11-2011 12:00,TS,16,53.9
KEILA,04-11-2011 15:00,TS,15.9,53.7
KEILA,04-11-2011 18:00,TS,15.9,53.5
KEILA,04-11-2011 21:00,TS,15.9,53.2
KEILA,05-11-2011 00:00,TS,16,53
KEILA,05-11-2011 03:00,TS,16.3,52.8
KEILA,05-11-2011 06:00,TS,16.6,52.6
THANE,25-12-2011 12:00,TS,8.9,88.4
THANE,25-12-2011 15:00,TS,9.1,88.3
THANE,25-12-2011 18:00,TS,9.3,88.3
THANE,25-12-2011 21:00,TS,9.6,88.1
THANE,26-12-2011 00:00,TS,9.8,88
THANE,26-12-2011 03:00,TS,9.9,88
THANE,26-12-2011 06:00,TS,10.3,88
THANE,26-12-2011 09:00,TS,10.6,87.9
THANE,26-12-2011 12:00,TS,10.8,87.9
THANE,26-12-2011 15:00,TS,11.1,87.8
THANE,26-12-2011 18:00,TS,11.3,87.7
THANE,26-12-2011 21:00,TS,11.4,87.6
THANE,27-12-2011 00:00,TS,11.7,87.5
THANE,27-12-2011 03:00,TS,12,87.2
THANE,27-12-2011 06:00,TS,12.1,87.1
THANE,27-12-2011 09:00,TS,12.2,86.8
THANE,27-12-2011 12:00,TS,12.4,86.6
THANE,27-12-2011 15:00,TS,12.4,86.4
THANE,27-12-2011 18:00,TS,12.3,86
THANE,27-12-2011 21:00,TS,12.2,85.8
THANE,28-12-2011 00:00,TS,12.2,85.4
THANE,28-12-2011 03:00,TS,12.2,85.2
THANE,28-12-2011 06:00,TS,12.3,84.9
THANE,28-12-2011 09:00,TS,12.3,84.7
THANE,28-12-2011 12:00,TS,12.4,84.4
THANE,28-12-2011 15:00,TS,12.3,83.9
THANE,28-12-2011 18:00,TS,12.3,83.8
THANE,28-12-2011 21:00,TS,12.2,83.3
THANE,29-12-2011 00:00,TS,12.1,82.9
THANE,29-12-2011 03:00,TS,11.9,82.5
THANE,29-12-2011 06:00,TS,12,82.1
THANE,29-12-2011 09:00,TS,12,81.7
THANE,29-12-2011 12:00,TS,12,81.3
THANE,29-12-2011 15:00,TS,11.9,81
THANE,29-12-2011 18:00,TS,11.8,80.6
THANE,29-12-2011 21:00,TS,11.8,80.3
THANE,30-12-2011 00:00,TS,11.7,79.9
THANE,30-12-2011 03:00,TS,11.6,79.5
THANE,30-12-2011 06:00,TS,11.6,79.1
THANE,30-12-2011 09:00,TS,11.8,78.6
THANE,30-12-2011 12:00,TS,12.2,78.2
MURJAN,22-10-2012 15:00,TS,11,66.5
MURJAN,22-10-2012 18:00,MX,11.1,66
MURJAN,22-10-2012 21:00,MX,11.2,65.6
MURJAN,23-10-2012 00:00,MX,11.3,65.1
MURJAN,23-10-2012 03:00,MX,11.4,64.4
MURJAN,23-10-2012 06:00,MX,11.5,63.8
MURJAN,23-10-2012 09:00,MX,11.5,63.2
MURJAN,23-10-2012 12:00,MX,11.4,62.4
MURJAN,23-10-2012 15:00,MX,11.2,61.4
MURJAN,23-10-2012 18:00,MX,11,60.4
MURJAN,23-10-2012 21:00,MX,10.9,59.4
MURJAN,24-10-2012 00:00,MX,10.7,58.6
MURJAN,24-10-2012 03:00,MX,10.6,57.8
MURJAN,24-10-2012 06:00,MX,10.5,57.1
MURJAN,24-10-2012 09:00,MX,10.5,56.5
MURJAN,24-10-2012 12:00,TS,10.5,55.9
MURJAN,24-10-2012 15:00,TS,10.5,55.2
MURJAN,24-10-2012 18:00,TS,10.5,54.5
MURJAN,24-10-2012 21:00,TS,10.4,53.9
MURJAN,25-10-2012 00:00,TS,10.1,53.4
MURJAN,25-10-2012 03:00,TS,9.9,52.7
MURJAN,25-10-2012 06:00,TS,9.7,52
MURJAN,25-10-2012 09:00,TS,9.6,51.4
MURJAN,25-10-2012 12:00,TS,9.6,50.9
MURJAN,25-10-2012 15:00,TS,9.5,50.5
MURJAN,25-10-2012 18:00,TS,9.5,49.9
MURJAN,25-10-2012 21:00,TS,9.4,48.8
MURJAN,26-10-2012 00:00,TS,9.2,47.7
NILAM,27-10-2012 06:00,DS,11.1,87.1
NILAM,27-10-2012 09:00,DS,10.9,87
NILAM,27-10-2012 12:00,DS,10.7,86.8
NILAM,27-10-2012 15:00,DS,10.4,86.6
NILAM,27-10-2012 18:00,DS,10.2,86.4
NILAM,27-10-2012 21:00,DS,10.1,86.2
NILAM,28-10-2012 00:00,TS,10,85.9
NILAM,28-10-2012 03:00,TS,9.9,85.7
NILAM,28-10-2012 06:00,TS,9.7,85.5
NILAM,28-10-2012 09:00,TS,9.6,85.3
NILAM,28-10-2012 12:00,TS,9.6,84.9
NILAM,28-10-2012 15:00,TS,9.5,84.6
NILAM,28-10-2012 18:00,TS,9.5,84.4
NILAM,28-10-2012 21:00,TS,9.6,84
NILAM,29-10-2012 00:00,TS,9.6,83.7
NILAM,29-10-2012 03:00,TS,9.5,83.3
NILAM,29-10-2012 06:00,TS,9.1,82.9
NILAM,29-10-2012 09:00,TS,8.9,82.6
NILAM,29-10-2012 12:00,TS,8.8,82.5
NILAM,29-10-2012 15:00,TS,8.7,82.4
NILAM,29-10-2012 18:00,TS,8.7,82.5
NILAM,29-10-2012 21:00,TS,8.7,82.6
NILAM,30-10-2012 00:00,TS,8.8,82.8
NILAM,30-10-2012 03:00,TS,8.9,82.7
NILAM,30-10-2012 06:00,TS,9.1,82.7
NILAM,30-10-2012 09:00,TS,9.5,82.6
NILAM,30-10-2012 12:00,TS,9.7,82.6
NILAM,30-10-2012 15:00,TS,9.9,82.6
NILAM,30-10-2012 18:00,TS,10.4,82.5
NILAM,30-10-2012 21:00,TS,10.5,82.3
NILAM,31-10-2012 00:00,TS,10.9,81.8
NILAM,31-10-2012 03:00,TS,11.3,81.3
NILAM,31-10-2012 06:00,TS,11.7,81
NILAM,31-10-2012 09:00,TS,12.3,80.5
NILAM,31-10-2012 12:00,TS,12.7,79.8
NILAM,31-10-2012 15:00,TS,13,79.2
NILAM,31-10-2012 18:00,TS,13.2,78.3
NILAM,31-10-2012 21:00,TS,13.3,77.7
NILAM,01-11-2012 00:00,TS,13.3,77.3
NILAM,01-11-2012 03:00,TS,13.5,77
NILAM,01-11-2012 06:00,TS,13.5,77
NILAM,01-11-2012 09:00,TS,13.7,77
NILAM,01-11-2012 12:00,TS,14,77
NILAM,01-11-2012 15:00,TS,14.3,77
NILAM,01-11-2012 18:00,TS,14.5,77
HELEN,18-11-2013 00:00,DS,13.3,90
HELEN,18-11-2013 03:00,DS,13.6,89.5
HELEN,18-11-2013 06:00,TS,14,88.9
HELEN,18-11-2013 09:00,TS,14.4,88.3
HELEN,18-11-2013 12:00,TS,14.7,87.8
HELEN,18-11-2013 15:00,TS,14.8,87.3
HELEN,18-11-2013 18:00,TS,14.8,86.9
HELEN,18-11-2013 21:00,TS,14.8,86.5
HELEN,19-11-2013 00:00,TS,14.7,86.2
HELEN,19-11-2013 03:00,TS,14.8,85.9
HELEN,19-11-2013 06:00,TS,14.8,85.6
HELEN,19-11-2013 09:00,TS,14.9,85.3
HELEN,19-11-2013 12:00,TS,15,85.1
HELEN,19-11-2013 15:00,TS,15,84.9
HELEN,19-11-2013 18:00,TS,15,84.5
HELEN,19-11-2013 21:00,TS,15,84.2
HELEN,20-11-2013 00:00,TS,15.1,84.1
HELEN,20-11-2013 03:00,TS,15.1,84.1
HELEN,20-11-2013 06:00,TS,15.3,84.1
HELEN,20-11-2013 09:00,TS,15.3,84
HELEN,20-11-2013 12:00,TS,15.4,84
HELEN,20-11-2013 15:00,TS,15.4,83.9
HELEN,20-11-2013 18:00,TS,15.5,83.8
HELEN,20-11-2013 21:00,TS,15.6,83.7
HELEN,21-11-2013 00:00,TS,15.7,83.6
HELEN,21-11-2013 03:00,TS,15.8,83.4
HELEN,21-11-2013 06:00,TS,15.9,83.3
HELEN,21-11-2013 09:00,TS,16,83.1
HELEN,21-11-2013 12:00,TS,16.1,83
HELEN,21-11-2013 15:00,TS,16.1,82.7
HELEN,21-11-2013 18:00,TS,16.2,82.6
HELEN,21-11-2013 21:00,TS,16.1,82.3
HELEN,22-11-2013 00:00,TS,16.2,82
HELEN,22-11-2013 03:00,TS,16.2,81.7
HELEN,22-11-2013 06:00,TS,16.2,81.4
HELEN,22-11-2013 09:00,TS,16,81.2
HELEN,22-11-2013 12:00,TS,15.8,80.8
HELEN,22-11-2013 15:00,TS,15.9,80.5
HELEN,22-11-2013 18:00,TS,16.1,80.2
HELEN,22-11-2013 21:00,TS,16.3,79.7
HELEN,23-11-2013 00:00,DS,16.5,79.4
HELEN,23-11-2013 03:00,DS,16.8,79.1
HELEN,23-11-2013 06:00,DS,17.2,78.8
NANAUK,08-06-2014 06:00,DS,12.4,68.3
NANAUK,08-06-2014 09:00,DS,12.6,68.1
NANAUK,08-06-2014 12:00,DS,12.8,68
NANAUK,08-06-2014 15:00,DS,12.9,67.9
NANAUK,08-06-2014 18:00,TS,13,67.8
NANAUK,08-06-2014 21:00,TS,13.1,67.7
NANAUK,09-06-2014 00:00,TS,13.2,67.6
NANAUK,09-06-2014 03:00,TS,13.3,67.6
NANAUK,09-06-2014 06:00,TS,13.4,67.7
NANAUK,09-06-2014 09:00,TS,13.6,68.1
NANAUK,09-06-2014 12:00,TS,13.8,68.5
NANAUK,09-06-2014 15:00,TS,14.1,68.9
NANAUK,09-06-2014 18:00,TS,14.5,69.2
NANAUK,09-06-2014 21:00,TS,14.8,69.2
NANAUK,10-06-2014 00:00,TS,15.1,69
NANAUK,10-06-2014 03:00,TS,15.4,68.8
NANAUK,10-06-2014 06:00,TS,15.7,68.6
NANAUK,10-06-2014 09:00,TS,15.8,68.4
NANAUK,10-06-2014 12:00,TS,16.1,68.1
NANAUK,10-06-2014 15:00,TS,16.3,67.8
NANAUK,10-06-2014 18:00,TS,16.5,67.6
NANAUK,10-06-2014 21:00,TS,16.5,67.4
NANAUK,11-06-2014 00:00,TS,16.6,67.2
NANAUK,11-06-2014 03:00,TS,16.7,67
NANAUK,11-06-2014 06:00,TS,17,66.7
NANAUK,11-06-2014 09:00,TS,17.1,66.5
NANAUK,11-06-2014 12:00,TS,17.4,66.2
NANAUK,11-06-2014 15:00,TS,17.6,66
NANAUK,11-06-2014 18:00,TS,17.6,65.8
NANAUK,11-06-2014 21:00,TS,17.7,65.6
NANAUK,12-06-2014 00:00,TS,17.9,65.3
NANAUK,12-06-2014 03:00,TS,18,64.9
NANAUK,12-06-2014 06:00,TS,18.2,64.6
NANAUK,12-06-2014 09:00,TS,18.3,64.3
NANAUK,12-06-2014 12:00,TS,18.5,64.1
NANAUK,12-06-2014 15:00,TS,18.8,64
NANAUK,12-06-2014 18:00,TS,19.3,64.1
NANAUK,12-06-2014 21:00,TS,19.9,64.4
NANAUK,13-06-2014 00:00,TS,20.4,64.6
NANAUK,13-06-2014 03:00,TS,20.7,64.4
NANAUK,13-06-2014 06:00,MX,21.2,64
NANAUK,13-06-2014 09:00,MX,21.4,63.9
NANAUK,13-06-2014 12:00,MX,21.4,64
NANAUK,13-06-2014 15:00,MX,21.5,64.1
NANAUK,13-06-2014 18:00,MX,21.5,64.2
NANAUK,13-06-2014 21:00,MX,21.6,64.3
NANAUK,14-06-2014 00:00,MX,21.6,64.5
NANAUK,14-06-2014 03:00,DS,21.7,64.6
NANAUK,14-06-2014 06:00,DS,21.7,64.8
NANAUK,14-06-2014 09:00,DS,21.7,65
NANAUK,14-06-2014 12:00,DS,21.7,65.2
HUDHUD,06-10-2014 06:00,DS,10.7,96.1
HUDHUD,06-10-2014 09:00,DS,10.7,96
HUDHUD,06-10-2014 12:00,DS,10.7,95.9
HUDHUD,06-10-2014 15:00,DS,10.7,95.8
HUDHUD,06-10-2014 18:00,TS,10.8,95.6
HUDHUD,06-10-2014 21:00,TS,10.9,95.4
HUDHUD,07-10-2014 00:00,TS,11,95.2
HUDHUD,07-10-2014 03:00,TS,11.2,95
HUDHUD,07-10-2014 06:00,TS,11.4,94.7
HUDHUD,07-10-2014 09:00,TS,11.5,94.4
HUDHUD,07-10-2014 12:00,TS,11.7,94.1
HUDHUD,07-10-2014 15:00,TS,11.8,93.8
HUDHUD,07-10-2014 18:00,TS,11.9,93.5
HUDHUD,07-10-2014 21:00,TS,12,93.2
HUDHUD,08-10-2014 00:00,TS,12.2,92.9
HUDHUD,08-10-2014 03:00,TS,12.3,92.6
HUDHUD,08-10-2014 06:00,TS,12.6,92.1
HUDHUD,08-10-2014 09:00,TS,12.8,91.4
HUDHUD,08-10-2014 12:00,TS,12.9,90.9
HUDHUD,08-10-2014 15:00,TS,13.1,90.4
HUDHUD,08-10-2014 18:00,TS,13.3,90.1
HUDHUD,08-10-2014 21:00,TS,13.5,89.6
HUDHUD,09-10-2014 00:00,TS,13.6,89.3
HUDHUD,09-10-2014 03:00,TS,13.7,89.1
HUDHUD,09-10-2014 06:00,TS,13.8,88.9
HUDHUD,09-10-2014 09:00,TS,13.9,88.6
HUDHUD,09-10-2014 12:00,TS,14.1,88.5
HUDHUD,09-10-2014 15:00,TS,14.1,88.2
HUDHUD,09-10-2014 18:00,TS,14.2,88
HUDHUD,09-10-2014 21:00,TS,14.4,87.8
HUDHUD,10-10-2014 00:00,TS,14.6,87.6
HUDHUD,10-10-2014 03:00,TS,14.8,87.3
HUDHUD,10-10-2014 06:00,TS,14.9,87.2
HUDHUD,10-10-2014 09:00,TS,15.1,87
HUDHUD,10-10-2014 12:00,TS,15.3,86.8
HUDHUD,10-10-2014 15:00,TS,15.5,86.5
HUDHUD,10-10-2014 18:00,TS,15.6,86.3
HUDHUD,10-10-2014 21:00,TS,15.7,86
HUDHUD,11-10-2014 00:00,TS,15.9,85.7
HUDHUD,11-10-2014 03:00,TS,16,85.4
HUDHUD,11-10-2014 06:00,TS,16.1,85.1
HUDHUD,11-10-2014 09:00,TS,16.1,85
HUDHUD,11-10-2014 12:00,TS,16.2,84.9
HUDHUD,11-10-2014 15:00,TS,16.3,84.8
HUDHUD,11-10-2014 18:00,TS,16.6,84.6
HUDHUD,11-10-2014 21:00,TS,16.8,84.4
HUDHUD,12-10-2014 00:00,TS,17.2,84.1
HUDHUD,12-10-2014 03:00,TS,17.4,83.8
HUDHUD,12-10-2014 06:00,TS,17.6,83.4
HUDHUD,12-10-2014 09:00,TS,17.8,83.1
HUDHUD,12-10-2014 12:00,TS,18,82.8
HUDHUD,12-10-2014 15:00,TS,18.3,82.5
HUDHUD,12-10-2014 18:00,TS,18.8,82.3
HUDHUD,12-10-2014 21:00,TS,19,82.1
HUDHUD,13-10-2014 00:00,TS,19.7,81.6
HUDHUD,13-10-2014 03:00,TS,20.5,81.5
HUDHUD,13-10-2014 06:00,TS,20.8,81.4
HUDHUD,13-10-2014 09:00,TS,21.1,81.4
HUDHUD,13-10-2014 12:00,TS,21.4,81.4
HUDHUD,13-10-2014 15:00,TS,21.7,81.5
HUDHUD,13-10-2014 18:00,TS,22.3,81.5
HUDHUD,13-10-2014 21:00,TS,23.6,81.5
HUDHUD,14-10-2014 00:00,TS,24.8,81.5
HUDHUD,14-10-2014 03:00,TS,25.1,81.6
HUDHUD,14-10-2014 06:00,TS,25.6,81.7
HUDHUD,14-10-2014 09:00,TS,26.3,81.8
NILOFAR,23-10-2014 12:00,DS,10.8,62.1
NILOFAR,23-10-2014 15:00,DS,11,61.9
NILOFAR,23-10-2014 18:00,DS,11.1,61.8
NILOFAR,23-10-2014 21:00,DS,11.2,61.7
NILOFAR,24-10-2014 00:00,DS,11.3,61.6
NILOFAR,24-10-2014 03:00,DS,11.4,61.5
NILOFAR,24-10-2014 06:00,DS,11.6,61.5
NILOFAR,24-10-2014 09:00,DS,11.7,61.6
NILOFAR,24-10-2014 12:00,DS,11.8,61.7
NILOFAR,24-10-2014 15:00,DS,11.9,61.8
NILOFAR,24-10-2014 18:00,TS,12,62
NILOFAR,24-10-2014 21:00,TS,12.1,62.2
NILOFAR,25-10-2014 00:00,TS,12.3,62.1
NILOFAR,25-10-2014 03:00,TS,12.6,62.1
NILOFAR,25-10-2014 06:00,TS,12.7,62
NILOFAR,25-10-2014 09:00,TS,13,61.9
NILOFAR,25-10-2014 12:00,TS,13.3,61.9
NILOFAR,25-10-2014 15:00,TS,13.3,61.9
NILOFAR,25-10-2014 18:00,TS,13.5,62
NILOFAR,25-10-2014 21:00,TS,13.8,62.3
NILOFAR,26-10-2014 00:00,TS,14.1,62.5
NILOFAR,26-10-2014 03:00,TS,14.1,62.5
NILOFAR,26-10-2014 06:00,TS,14.2,62.5
NILOFAR,26-10-2014 09:00,TS,14.2,62.5
NILOFAR,26-10-2014 12:00,TS,14.3,62.5
NILOFAR,26-10-2014 15:00,TS,14.3,62.5
NILOFAR,26-10-2014 18:00,TS,14.5,62.5
NILOFAR,26-10-2014 21:00,TS,14.6,62.4
NILOFAR,27-10-2014 00:00,TS,14.8,62.4
NILOFAR,27-10-2014 03:00,TS,14.8,62.3
NILOFAR,27-10-2014 06:00,TS,14.9,62.3
NILOFAR,27-10-2014 09:00,TS,14.9,62.2
NILOFAR,27-10-2014 12:00,TS,15,62.2
NILOFAR,27-10-2014 15:00,TS,15.1,62.1
NILOFAR,27-10-2014 18:00,TS,15.2,62.1
NILOFAR,27-10-2014 21:00,TS,15.4,61.8
NILOFAR,28-10-2014 00:00,TS,15.6,61.8
NILOFAR,28-10-2014 03:00,TS,15.8,61.7
NILOFAR,28-10-2014 06:00,TS,16,61.7
NILOFAR,28-10-2014 09:00,TS,16.3,61.7
NILOFAR,28-10-2014 12:00,TS,16.8,61.8
NILOFAR,28-10-2014 15:00,TS,17.2,61.8
NILOFAR,28-10-2014 18:00,TS,17.7,61.7
NILOFAR,28-10-2014 21:00,TS,17.9,61.7
NILOFAR,29-10-2014 00:00,TS,18.1,61.8
NILOFAR,29-10-2014 03:00,TS,18.5,61.8
NILOFAR,29-10-2014 06:00,TS,18.7,61.9
NILOFAR,29-10-2014 09:00,TS,18.8,62
NILOFAR,29-10-2014 12:00,TS,19,62.2
NILOFAR,29-10-2014 15:00,TS,19.2,62.5
NILOFAR,29-10-2014 18:00,TS,19.3,62.9
NILOFAR,29-10-2014 21:00,TS,19.4,63.2
NILOFAR,30-10-2014 00:00,TS,19.6,63.6
NILOFAR,30-10-2014 03:00,TS,19.8,63.9
NILOFAR,30-10-2014 06:00,TS,20.1,64.2
NILOFAR,30-10-2014 09:00,TS,20.1,64.4
NILOFAR,30-10-2014 12:00,TS,20.3,64.6
NILOFAR,30-10-2014 15:00,TS,20.4,64.6
NILOFAR,30-10-2014 18:00,TS,20.5,64.8
NILOFAR,30-10-2014 21:00,TS,20.6,64.9
NILOFAR,31-10-2014 00:00,TS,20.7,65
NILOFAR,31-10-2014 03:00,TS,20.8,65.1
NILOFAR,31-10-2014 06:00,TS,21,65.1
NILOFAR,31-10-2014 09:00,TS,21.2,65.1
NILOFAR,31-10-2014 12:00,TS,21.4,65
NILOFAR,31-10-2014 15:00,TS,21.6,64.9
NILOFAR,31-10-2014 18:00,DS,21.7,64.7
NILOFAR,31-10-2014 21:00,DS,21.7,64.5
NILOFAR,01-11-2014 00:00,DS,21.7,64.2
NILOFAR,01-11-2014 03:00,DS,21.7,64
NILOFAR,01-11-2014 06:00,DS,21.7,63.8
NILOFAR,01-11-2014 09:00,DS,21.7,63.6
NILOFAR,01-11-2014 12:00,DS,21.7,63.3
ASHOBAA,06-06-2015 06:00,TS,13.1,68.5
ASHOBAA,06-06-2015 09:00,TS,13.5,68.6
ASHOBAA,06-06-2015 12:00,TS,13.8,68.6
ASHOBAA,06-06-2015 15:00,TS,14.1,68.6
ASHOBAA,06-06-2015 18:00,TS,14.5,68.6
ASHOBAA,06-06-2015 21:00,TS,14.9,68.6
ASHOBAA,07-06-2015 00:00,TS,15.2,68.6
ASHOBAA,07-06-2015 03:00,TS,15.3,68.5
ASHOBAA,07-06-2015 06:00,TS,15.5,68.4
ASHOBAA,07-06-2015 09:00,TS,15.8,68.3
ASHOBAA,07-06-2015 12:00,TS,16.2,68.3
ASHOBAA,07-06-2015 15:00,TS,16.5,68.3
ASHOBAA,07-06-2015 18:00,TS,16.9,68.3
ASHOBAA,07-06-2015 21:00,TS,17.2,68
ASHOBAA,08-06-2015 00:00,TS,17.7,67.6
ASHOBAA,08-06-2015 03:00,TS,18,67.2
ASHOBAA,08-06-2015 06:00,TS,18,67
ASHOBAA,08-06-2015 09:00,TS,18.5,66.6
ASHOBAA,08-06-2015 12:00,TS,18.7,66.4
ASHOBAA,08-06-2015 15:00,TS,18.9,66.1
ASHOBAA,08-06-2015 18:00,TS,19.3,65.7
ASHOBAA,08-06-2015 21:00,TS,19.7,65.4
ASHOBAA,09-06-2015 00:00,TS,20.1,65.1
ASHOBAA,09-06-2015 03:00,TS,20.2,64.8
ASHOBAA,09-06-2015 06:00,TS,20.5,64.4
ASHOBAA,09-06-2015 09:00,TS,20.6,63.8
ASHOBAA,09-06-2015 12:00,TS,21,63.3
ASHOBAA,09-06-2015 15:00,TS,21.1,62.8
ASHOBAA,09-06-2015 18:00,TS,21.1,62.6
ASHOBAA,09-06-2015 21:00,TS,21.2,62.3
ASHOBAA,10-06-2015 00:00,TS,21.2,62
ASHOBAA,10-06-2015 03:00,TS,21.1,61.8
ASHOBAA,10-06-2015 06:00,TS,21.1,61.6
ASHOBAA,10-06-2015 09:00,TS,21,61.3
ASHOBAA,10-06-2015 12:00,TS,21,61.3
ASHOBAA,10-06-2015 15:00,TS,20.8,61.1
ASHOBAA,10-06-2015 18:00,TS,20.8,61.1
ASHOBAA,10-06-2015 21:00,TS,20.8,61.2
ASHOBAA,11-06-2015 00:00,TS,20.8,60.9
ASHOBAA,11-06-2015 03:00,TS,20.8,60.8
ASHOBAA,11-06-2015 06:00,TS,20.8,60.6
ASHOBAA,11-06-2015 09:00,TS,20.8,60.4
ASHOBAA,11-06-2015 12:00,TS,20.8,60.2
ASHOBAA,11-06-2015 15:00,TS,20.8,59.9
ASHOBAA,11-06-2015 18:00,TS,20.8,59.9
ASHOBAA,11-06-2015 21:00,TS,20.8,59.8
ASHOBAA,12-06-2015 00:00,TS,20.8,59.8
ASHOBAA,12-06-2015 03:00,TS,20.8,59.7
ASHOBAA,12-06-2015 06:00,TS,20.8,59.7
KOMEN,26-07-2015 00:00,TS,22,90.8
KOMEN,26-07-2015 03:00,TS,22,90.8
KOMEN,26-07-2015 06:00,TS,22,90.5
KOMEN,26-07-2015 09:00,TS,22,90.4
KOMEN,26-07-2015 12:00,TS,22,90.5
KOMEN,26-07-2015 15:00,TS,22,90.5
KOMEN,26-07-2015 18:00,TS,22,90.5
KOMEN,26-07-2015 21:00,TS,22,90.5
KOMEN,27-07-2015 00:00,TS,22,90.5
KOMEN,27-07-2015 03:00,TS,22,90.5
KOMEN,27-07-2015 06:00,TS,22,90.5
KOMEN,27-07-2015 09:00,TS,22,90.5
KOMEN,27-07-2015 12:00,TS,22,90.5
KOMEN,27-07-2015 15:00,TS,22,90.5
KOMEN,27-07-2015 18:00,TS,22,90.5
KOMEN,27-07-2015 21:00,TS,22,90.5
KOMEN,28-07-2015 00:00,TS,22,90.5
KOMEN,28-07-2015 03:00,TS,22,90.5
KOMEN,28-07-2015 06:00,MX,21.6,90.4
KOMEN,28-07-2015 09:00,MX,21.4,90.4
KOMEN,28-07-2015 12:00,MX,21.3,90.5
KOMEN,28-07-2015 15:00,MX,21.3,90.7
KOMEN,28-07-2015 18:00,MX,21.2,90.9
KOMEN,28-07-2015 21:00,MX,21,91
KOMEN,29-07-2015 00:00,MX,21,91.1
KOMEN,29-07-2015 03:00,MX,21,91.1
KOMEN,29-07-2015 06:00,MX,21.1,91.2
KOMEN,29-07-2015 09:00,MX,21.2,91.2
KOMEN,29-07-2015 12:00,MX,21.3,91.3
KOMEN,29-07-2015 15:00,MX,21.4,91.3
KOMEN,29-07-2015 18:00,MX,21.5,91.4
KOMEN,29-07-2015 21:00,MX,21.5,91.4
KOMEN,30-07-2015 00:00,MX,21.7,91.5
KOMEN,30-07-2015 03:00,MX,21.9,91.5
KOMEN,30-07-2015 06:00,MX,22.1,91.5
KOMEN,30-07-2015 09:00,MX,22.1,91.5
KOMEN,30-07-2015 12:00,MX,22.3,91.5
KOMEN,30-07-2015 15:00,MX,22.5,91.4
KOMEN,30-07-2015 18:00,MX,22.7,91.2
KOMEN,30-07-2015 21:00,MX,22.9,91.1
KOMEN,31-07-2015 00:00,MX,23.1,90.2
KOMEN,31-07-2015 03:00,TS,23.1,90
KOMEN,31-07-2015 06:00,TS,23.1,89.8
KOMEN,31-07-2015 09:00,TS,23.1,89.6
KOMEN,31-07-2015 12:00,TS,23.1,89.5
KOMEN,31-07-2015 15:00,TS,23.1,89.4
KOMEN,31-07-2015 18:00,TS,23.1,89.4
KOMEN,31-07-2015 21:00,TS,23.2,89.3
KOMEN,01-08-2015 00:00,TS,23.2,89.2
KOMEN,01-08-2015 03:00,TS,23.2,89.2
KOMEN,01-08-2015 06:00,TS,23.5,88.8
KOMEN,01-08-2015 09:00,TS,23.7,88.6
KOMEN,01-08-2015 12:00,TS,23.8,88.4
KOMEN,01-08-2015 15:00,TS,23.8,88
KOMEN,01-08-2015 18:00,TS,23.8,87.5
KOMEN,01-08-2015 21:00,TS,23.9,87.2
KOMEN,02-08-2015 00:00,TS,23.8,86.7
KOMEN,02-08-2015 03:00,TS,23.5,86
KOMEN,02-08-2015 06:00,TS,23.3,85.7
KOMEN,02-08-2015 09:00,TS,23.1,85.5
CHAPALA,27-10-2015 12:00,TS,10.7,65.1
CHAPALA,27-10-2015 15:00,TS,10.9,65
CHAPALA,27-10-2015 18:00,TS,11.1,64.9
CHAPALA,27-10-2015 21:00,TS,11.3,64.8
CHAPALA,28-10-2015 00:00,TS,11.6,64.7
CHAPALA,28-10-2015 03:00,TS,11.8,64.7
CHAPALA,28-10-2015 06:00,TS,12,64.8
CHAPALA,28-10-2015 09:00,TS,12.4,64.8
CHAPALA,28-10-2015 12:00,TS,12.7,64.8
CHAPALA,28-10-2015 15:00,TS,12.9,64.8
CHAPALA,28-10-2015 18:00,TS,13.1,64.6
CHAPALA,28-10-2015 21:00,TS,13.3,64.4
CHAPALA,29-10-2015 00:00,TS,13.6,64.3
CHAPALA,29-10-2015 03:00,TS,13.7,64.1
CHAPALA,29-10-2015 06:00,TS,13.9,63.8
CHAPALA,29-10-2015 09:00,TS,14,63.5
CHAPALA,29-10-2015 12:00,TS,14.2,63.2
CHAPALA,29-10-2015 15:00,TS,14.3,62.8
CHAPALA,29-10-2015 18:00,TS,14.3,62.5
CHAPALA,29-10-2015 21:00,TS,14.3,62.2
CHAPALA,30-10-2015 00:00,TS,14.3,61.8
CHAPALA,30-10-2015 03:00,TS,14.2,61.5
CHAPALA,30-10-2015 06:00,TS,14.2,61.1
CHAPALA,30-10-2015 09:00,TS,14.1,60.8
CHAPALA,30-10-2015 12:00,TS,14.1,60.6
CHAPALA,30-10-2015 15:00,TS,14,60.4
CHAPALA,30-10-2015 18:00,TS,13.9,60.2
CHAPALA,30-10-2015 21:00,TS,13.9,59.9
CHAPALA,31-10-2015 00:00,TS,13.8,59.6
CHAPALA,31-10-2015 03:00,TS,13.8,59.2
CHAPALA,31-10-2015 06:00,TS,13.8,58.7
CHAPALA,31-10-2015 09:00,TS,13.8,58.3
CHAPALA,31-10-2015 12:00,TS,13.8,57.9
CHAPALA,31-10-2015 15:00,TS,13.8,57.5
CHAPALA,31-10-2015 18:00,TS,13.8,57.2
CHAPALA,31-10-2015 21:00,TS,13.7,56.8
CHAPALA,01-11-2015 00:00,TS,13.7,56.4
CHAPALA,01-11-2015 03:00,TS,13.6,56.1
CHAPALA,01-11-2015 06:00,TS,13.6,55.7
CHAPALA,01-11-2015 09:00,TS,13.5,55.2
CHAPALA,01-11-2015 12:00,TS,13.6,54.7
CHAPALA,01-11-2015 15:00,TS,13.5,54.2
CHAPALA,01-11-2015 18:00,TS,13.4,53.7
CHAPALA,01-11-2015 21:00,TS,13.3,53.1
CHAPALA,02-11-2015 00:00,TS,13.2,52.6
CHAPALA,02-11-2015 03:00,TS,13.2,52.2
CHAPALA,02-11-2015 06:00,TS,13.3,51.6
CHAPALA,02-11-2015 09:00,TS,13.3,51
CHAPALA,02-11-2015 12:00,TS,13.4,50.6
CHAPALA,02-11-2015 15:00,TS,13.5,50
CHAPALA,02-11-2015 18:00,TS,13.7,49.6
CHAPALA,02-11-2015 21:00,TS,13.8,49.3
CHAPALA,03-11-2015 00:00,TS,14,48.9
CHAPALA,03-11-2015 03:00,TS,14.1,48.4
CHAPALA,03-11-2015 06:00,TS,14.1,47.9
CHAPALA,03-11-2015 09:00,TS,14.1,47.6
CHAPALA,03-11-2015 12:00,TS,14.1,47.4
CHAPALA,03-11-2015 15:00,TS,14.2,47.2
CHAPALA,03-11-2015 18:00,TS,14.3,47.1
CHAPALA,03-11-2015 21:00,TS,14.5,46.8
CHAPALA,04-11-2015 00:00,TS,14.8,46.5
MEGH,04-11-2015 12:00,DS,14,66.9
MEGH,04-11-2015 15:00,DS,14,66.6
MEGH,04-11-2015 18:00,TS,14,66.4
MEGH,04-11-2015 21:00,TS,14.1,66.1
MEGH,05-11-2015 00:00,TS,14.1,65.8
MEGH,05-11-2015 03:00,TS,14.1,65.4
MEGH,05-11-2015 06:00,TS,14,64.8
MEGH,05-11-2015 09:00,TS,14,64.3
MEGH,05-11-2015 12:00,TS,14,64
MEGH,05-11-2015 15:00,TS,13.9,63.6
MEGH,05-11-2015 18:00,TS,13.8,63.3
MEGH,05-11-2015 21:00,TS,13.7,62.9
MEGH,06-11-2015 00:00,TS,13.6,62.5
MEGH,06-11-2015 03:00,TS,13.4,62.2
MEGH,06-11-2015 06:00,TS,13.3,61.9
MEGH,06-11-2015 09:00,TS,13.1,61.6
MEGH,06-11-2015 12:00,TS,13.1,61.2
MEGH,06-11-2015 15:00,TS,12.9,60.9
MEGH,06-11-2015 18:00,TS,12.9,60.7
MEGH,06-11-2015 21:00,TS,12.8,60.4
MEGH,07-11-2015 00:00,TS,12.8,60.1
MEGH,07-11-2015 03:00,TS,12.8,59.6
MEGH,07-11-2015 06:00,TS,12.7,59.3
MEGH,07-11-2015 09:00,TS,12.7,58.8
MEGH,07-11-2015 12:00,TS,12.8,58.4
MEGH,07-11-2015 15:00,TS,12.7,57.9
MEGH,07-11-2015 18:00,TS,12.8,57.3
MEGH,07-11-2015 21:00,TS,12.7,56.7
MEGH,08-11-2015 00:00,TS,12.7,56.1
MEGH,08-11-2015 03:00,TS,12.7,55.5
MEGH,08-11-2015 06:00,TS,12.7,54.9
MEGH,08-11-2015 09:00,TS,12.7,54.2
MEGH,08-11-2015 12:00,TS,12.7,53.5
MEGH,08-11-2015 15:00,TS,12.6,52.8
MEGH,08-11-2015 18:00,TS,12.5,52.3
MEGH,08-11-2015 21:00,TS,12.4,51.6
MEGH,09-11-2015 00:00,TS,12.3,50.9
MEGH,09-11-2015 03:00,TS,12.2,50.2
MEGH,09-11-2015 06:00,TS,12.3,49.6
MEGH,09-11-2015 09:00,TS,12.3,48.9
MEGH,09-11-2015 12:00,TS,12.5,48.3
MEGH,09-11-2015 15:00,TS,12.5,48
MEGH,09-11-2015 18:00,TS,12.6,47.6
MEGH,09-11-2015 21:00,TS,12.7,47.3
MEGH,10-11-2015 00:00,TS,12.9,47
MEGH,10-11-2015 03:00,TS,13,46.8
MEGH,10-11-2015 06:00,TS,13.3,46.6
MEGH,10-11-2015 09:00,TS,13.5,46.6
MEGH,10-11-2015 12:00,MX,13.7,46.6
ROANU,17-05-2016 00:00,DS,10,80.8
ROANU,17-05-2016 03:00,MX,10.5,81
ROANU,17-05-2016 06:00,MX,10.8,81.1
ROANU,17-05-2016 09:00,MX,11.2,81.1
ROANU,17-05-2016 12:00,MX,11.7,81.1
ROANU,17-05-2016 15:00,MX,12.1,81.1
ROANU,17-05-2016 18:00,TS,12.5,81.1
ROANU,17-05-2016 21:00,TS,12.8,81.2
ROANU,18-05-2016 00:00,TS,13.1,81.2
ROANU,18-05-2016 03:00,TS,13.4,81.3
ROANU,18-05-2016 06:00,TS,13.9,81.3
ROANU,18-05-2016 09:00,TS,14.2,81.3
ROANU,18-05-2016 12:00,TS,14.4,81.3
ROANU,18-05-2016 15:00,TS,14.5,81.3
ROANU,18-05-2016 18:00,TS,14.7,81.3
ROANU,18-05-2016 21:00,TS,14.9,81.4
ROANU,19-05-2016 00:00,TS,15.1,81.6
ROANU,19-05-2016 03:00,TS,15.4,81.8
ROANU,19-05-2016 06:00,TS,15.4,82
ROANU,19-05-2016 09:00,TS,15.5,82.2
ROANU,19-05-2016 12:00,TS,15.8,82.5
ROANU,19-05-2016 15:00,TS,16.1,82.8
ROANU,19-05-2016 18:00,TS,16.5,83.1
ROANU,19-05-2016 21:00,TS,16.9,83.5
ROANU,20-05-2016 00:00,TS,17.4,84
ROANU,20-05-2016 03:00,TS,18.1,84.7
ROANU,20-05-2016 06:00,TS,18.6,85.1
ROANU,20-05-2016 09:00,TS,18.9,85.6
ROANU,20-05-2016 12:00,TS,19.4,86.7
ROANU,20-05-2016 15:00,TS,19.8,87.3
ROANU,20-05-2016 18:00,TS,20.2,88
ROANU,20-05-2016 21:00,TS,20.5,88.7
ROANU,21-05-2016 00:00,TS,20.9,89.4
ROANU,21-05-2016 03:00,TS,21.4,90.4
ROANU,21-05-2016 06:00,TS,21.9,91
ROANU,21-05-2016 09:00,TS,22.6,91.5
ROANU,21-05-2016 12:00,TS,23,92
ROANU,21-05-2016 15:00,TS,23.5,93
ROANU,21-05-2016 18:00,TS,24,94
ROANU,21-05-2016 21:00,TS,24.3,94.5
ROANU,22-05-2016 00:00,TS,24.5,94.7
KYANT,21-10-2016 00:00,TS,13.5,88.5
KYANT,21-10-2016 03:00,TS,13.6,88.8
KYANT,21-10-2016 06:00,TS,13.7,89.3
KYANT,21-10-2016 09:00,TS,13.8,89.6
KYANT,21-10-2016 12:00,TS,13.9,89.8
KYANT,21-10-2016 15:00,TS,13.9,89.9
KYANT,21-10-2016 18:00,TS,13.9,89.9
KYANT,21-10-2016 21:00,TS,13.9,89.9
KYANT,22-10-2016 00:00,TS,13.9,90.1
KYANT,22-10-2016 03:00,TS,14.1,90.7
KYANT,22-10-2016 06:00,TS,14.5,91.4
KYANT,22-10-2016 09:00,TS,14.8,91.8
KYANT,22-10-2016 12:00,TS,14.9,92.1
KYANT,22-10-2016 15:00,TS,15.1,92.3
KYANT,22-10-2016 18:00,TS,15.3,92.5
KYANT,22-10-2016 21:00,TS,15.4,92.6
KYANT,23-10-2016 00:00,TS,15.5,92.8
KYANT,23-10-2016 03:00,TS,15.6,92.8
KYANT,23-10-2016 06:00,TS,15.6,92.8
KYANT,23-10-2016 09:00,TS,15.7,92.9
KYANT,23-10-2016 12:00,TS,15.8,93
KYANT,23-10-2016 15:00,TS,15.9,93
KYANT,23-10-2016 18:00,TS,16,93.1
KYANT,23-10-2016 21:00,TS,16.1,93.1
KYANT,24-10-2016 00:00,TS,16.3,93.1
KYANT,24-10-2016 03:00,TS,16.3,93.1
KYANT,24-10-2016 06:00,TS,16.5,93.1
KYANT,24-10-2016 09:00,TS,16.7,92.8
KYANT,24-10-2016 12:00,TS,16.7,92.5
KYANT,24-10-2016 15:00,TS,16.7,92.3
KYANT,24-10-2016 18:00,TS,16.7,92.2
KYANT,24-10-2016 21:00,TS,16.7,92
KYANT,25-10-2016 00:00,TS,16.8,91.7
KYANT,25-10-2016 03:00,TS,16.8,91.4
KYANT,25-10-2016 06:00,TS,16.8,91.1
KYANT,25-10-2016 09:00,TS,16.7,90.8
KYANT,25-10-2016 12:00,TS,16.8,90.6
KYANT,25-10-2016 15:00,TS,16.6,90.2
KYANT,25-10-2016 18:00,TS,16.6,89.8
KYANT,25-10-2016 21:00,TS,16.4,89.5
KYANT,26-10-2016 00:00,TS,16.4,89
KYANT,26-10-2016 03:00,TS,16.3,88.5
KYANT,26-10-2016 06:00,TS,16.3,87.9
KYANT,26-10-2016 09:00,TS,16.2,87.4
KYANT,26-10-2016 12:00,TS,16.2,87
KYANT,26-10-2016 15:00,TS,16.1,86.6
KYANT,26-10-2016 18:00,TS,16,86.3
KYANT,26-10-2016 21:00,TS,15.9,85.8
KYANT,27-10-2016 00:00,TS,15.8,85.4
KYANT,27-10-2016 03:00,TS,15.7,84.8
KYANT,27-10-2016 06:00,TS,15.7,84.4
KYANT,27-10-2016 09:00,TS,15.6,83.9
KYANT,27-10-2016 12:00,TS,15.6,83.6
KYANT,27-10-2016 15:00,TS,15.4,83.3
KYANT,27-10-2016 18:00,TS,15.3,83
KYANT,27-10-2016 21:00,TS,15.2,82.8
KYANT,28-10-2016 00:00,TS,15.1,82.6
KYANT,28-10-2016 03:00,TS,15,82.4
KYANT,28-10-2016 06:00,TS,14.9,82.1
KYANT,28-10-2016 09:00,TS,14.8,81.9
KYANT,28-10-2016 12:00,TS,14.6,81.7
KYANT,28-10-2016 15:00,TS,14.4,81.5
KYANT,28-10-2016 18:00,DS,14.3,81.3
KYANT,28-10-2016 21:00,DS,14.2,81.2
KYANT,29-10-2016 00:00,DS,14.2,81.2
KYANT,29-10-2016 03:00,DS,14.1,81.1
KYANT,29-10-2016 06:00,DS,14,81
NADA,29-11-2016 12:00,TS,6.8,87.7
NADA,29-11-2016 15:00,TS,7.2,87.3
NADA,29-11-2016 18:00,TS,7.5,86.8
NADA,29-11-2016 21:00,TS,7.8,86.3
NADA,30-11-2016 00:00,TS,8.2,85.9
NADA,30-11-2016 03:00,TS,8.6,85.3
NADA,30-11-2016 06:00,TS,9,84.9
NADA,30-11-2016 09:00,TS,9.6,84.3
NADA,30-11-2016 12:00,TS,9.8,83.9
NADA,30-11-2016 15:00,TS,10,83.4
NADA,30-11-2016 18:00,TS,10.3,83
NADA,30-11-2016 21:00,TS,10.3,82.2
NADA,01-12-2016 00:00,TS,10.4,82
NADA,01-12-2016 03:00,TS,10.4,81.7
NADA,01-12-2016 06:00,TS,10.5,81.3
NADA,01-12-2016 09:00,TS,10.6,80.9
NADA,01-12-2016 12:00,TS,10.8,80.6
NADA,01-12-2016 15:00,TS,10.8,80.4
NADA,01-12-2016 18:00,TS,10.8,80.1
NADA,01-12-2016 21:00,TS,10.8,79.9
NADA,02-12-2016 00:00,MX,10.9,79.6
NADA,02-12-2016 03:00,DS,11,79.3
NADA,02-12-2016 06:00,DS,11,78.9
VARDAH,06-12-2016 06:00,TS,7.8,91.7
VARDAH,06-12-2016 09:00,TS,8.2,91.3
VARDAH,06-12-2016 12:00,TS,8.4,91
VARDAH,06-12-2016 15:00,TS,8.7,91
VARDAH,06-12-2016 18:00,MX,9.1,91
VARDAH,06-12-2016 21:00,MX,9.4,91
VARDAH,07-12-2016 00:00,MX,9.6,91
VARDAH,07-12-2016 03:00,MX,9.8,91.1
VARDAH,07-12-2016 06:00,MX,9.9,91.2
VARDAH,07-12-2016 09:00,MX,10.1,91.2
VARDAH,07-12-2016 12:00,TS,10.3,91.3
VARDAH,07-12-2016 15:00,TS,10.5,91.3
VARDAH,07-12-2016 18:00,TS,10.8,91.3
VARDAH,07-12-2016 21:00,TS,11,91.3
VARDAH,08-12-2016 00:00,TS,11.1,91.3
VARDAH,08-12-2016 03:00,TS,11.3,91.3
VARDAH,08-12-2016 06:00,TS,11.4,91.3
VARDAH,08-12-2016 09:00,TS,11.4,91.2
VARDAH,08-12-2016 12:00,TS,11.4,91.2
VARDAH,08-12-2016 15:00,TS,11.5,91.1
VARDAH,08-12-2016 18:00,TS,11.6,91
VARDAH,08-12-2016 21:00,TS,11.7,90.9
VARDAH,09-12-2016 00:00,TS,11.8,90.7
VARDAH,09-12-2016 03:00,TS,11.9,90.6
VARDAH,09-12-2016 06:00,TS,12,90.5
VARDAH,09-12-2016 09:00,TS,12.1,90.3
VARDAH,09-12-2016 12:00,TS,12.2,90
VARDAH,09-12-2016 15:00,TS,12.2,89.7
VARDAH,09-12-2016 18:00,TS,12.3,89.4
VARDAH,09-12-2016 21:00,TS,12.5,88.8
VARDAH,10-12-2016 00:00,TS,12.6,88.3
VARDAH,10-12-2016 03:00,TS,12.7,87.8
VARDAH,10-12-2016 06:00,TS,12.9,87.3
VARDAH,10-12-2016 09:00,TS,13,86.7
VARDAH,10-12-2016 12:00,TS,13,86.4
VARDAH,10-12-2016 15:00,TS,13.1,85.9
VARDAH,10-12-2016 18:00,TS,13.1,85.4
VARDAH,10-12-2016 21:00,TS,13,85.1
VARDAH,11-12-2016 00:00,TS,13.1,84.8
VARDAH,11-12-2016 03:00,TS,13,84.4
VARDAH,11-12-2016 06:00,TS,13.1,83.8
VARDAH,11-12-2016 09:00,TS,13.1,83.4
VARDAH,11-12-2016 12:00,TS,13.2,83.2
VARDAH,11-12-2016 15:00,TS,13.2,82.7
VARDAH,11-12-2016 18:00,TS,13.1,82.4
VARDAH,11-12-2016 21:00,TS,13.2,82
VARDAH,12-12-2016 00:00,TS,13.2,81.7
VARDAH,12-12-2016 03:00,TS,13.2,81.3
VARDAH,12-12-2016 06:00,TS,13.2,80.8
VARDAH,12-12-2016 09:00,TS,13.2,80.3
VARDAH,12-12-2016 12:00,TS,13.1,79.9
VARDAH,12-12-2016 15:00,TS,13.1,79.4
VARDAH,12-12-2016 18:00,TS,13,78.9
VARDAH,12-12-2016 21:00,TS,13,78.4
VARDAH,13-12-2016 00:00,TS,13,77.8
VARDAH,13-12-2016 03:00,TS,13,77.4
VARDAH,13-12-2016 06:00,TS,13,77
VARDAH,13-12-2016 09:00,TS,13,76.5
VARDAH,13-12-2016 12:00,TS,13.1,76
VARDAH,13-12-2016 15:00,TS,13.2,75.6
VARDAH,13-12-2016 18:00,DS,13.2,75.1
VARDAH,13-12-2016 21:00,DS,13.2,74.5
VARDAH,14-12-2016 00:00,DS,13.2,74
VARDAH,14-12-2016 03:00,DS,13.2,73.6
VARDAH,14-12-2016 06:00,DS,13.1,73.2
VARDAH,14-12-2016 09:00,DS,13,72.9
VARDAH,14-12-2016 12:00,TS,12.9,72.6
VARDAH,14-12-2016 15:00,TS,12.8,72.2
VARDAH,14-12-2016 18:00,TS,12.6,71.8
VARDAH,14-12-2016 21:00,TS,12.4,71.4
VARDAH,15-12-2016 00:00,TS,12.2,71
VARDAH,15-12-2016 03:00,TS,12,70.6
VARDAH,15-12-2016 06:00,TS,11.8,70.2
VARDAH,15-12-2016 09:00,TS,11.6,69.9
VARDAH,15-12-2016 12:00,TS,11.4,69.5
VARDAH,15-12-2016 15:00,TS,11.2,69
VARDAH,15-12-2016 18:00,TS,11.1,68.5
VARDAH,15-12-2016 21:00,TS,11.1,68
VARDAH,16-12-2016 00:00,TS,11.2,67.5
VARDAH,16-12-2016 03:00,TS,11.2,66.9
VARDAH,16-12-2016 06:00,TS,11.2,66.4
VARDAH,16-12-2016 09:00,TS,11.2,65.9
VARDAH,16-12-2016 12:00,TS,11.2,65.4
VARDAH,16-12-2016 15:00,TS,11.2,64.9
VARDAH,16-12-2016 18:00,TS,11.1,64.2
VARDAH,16-12-2016 21:00,TS,11,63.1
VARDAH,17-12-2016 00:00,TS,11.1,62.1
VARDAH,17-12-2016 03:00,TS,11.2,61.4
VARDAH,17-12-2016 06:00,TS,11,60.8
VARDAH,17-12-2016 09:00,TS,10.8,60.3
VARDAH,17-12-2016 12:00,TS,10.6,59.8
VARDAH,17-12-2016 15:00,TS,10.2,59.1
VARDAH,17-12-2016 18:00,TS,9.8,58.3
VARDAH,17-12-2016 21:00,TS,9.5,57.4
VARDAH,18-12-2016 00:00,TS,9.4,56.8
VARDAH,18-12-2016 03:00,TS,9.3,56.1
VARDAH,18-12-2016 06:00,TS,9.3,55.4
VARDAH,18-12-2016 09:00,TS,9.3,54.6
VARDAH,18-12-2016 12:00,TS,9.3,53.7
VARDAH,18-12-2016 15:00,TS,9.3,52.9
VARDAH,18-12-2016 18:00,TS,9.2,52.1
VARDAH,18-12-2016 21:00,TS,9.1,51.5
VARDAH,19-12-2016 00:00,TS,8.9,51
